PlayerSum,DealerCard,UsableAce,Action,Count
12,10,False,Stand,1
12,10,False,Hit,3463
15,10,False,Stand,3354
15,10,False,Hit,1
20,2,False,Stand,1173
20,2,False,Hit,0
17,5,False,Stand,673
17,5,False,Hit,1
8,8,False,Stand,0
8,8,False,Hit,267
18,8,False,Stand,633
18,8,False,Hit,1
8,6,False,Stand,0
8,6,False,Hit,220
17,6,False,Stand,729
17,6,False,Hit,1
10,8,False,Stand,0
10,8,False,Hit,367
19,8,False,Stand,660
19,8,False,Hit,0
13,10,False,Stand,3607
13,10,False,Hit,1
19,10,False,Stand,2384
19,10,False,Hit,0
20,10,False,Stand,3480
20,10,False,Hit,0
17,2,False,Stand,936
17,2,False,Hit,1
18,10,True,Stand,2
18,10,True,Hit,544
18,7,False,Stand,592
18,7,False,Hit,0
16,11,False,Stand,695
16,11,False,Hit,1
12,5,False,Stand,839
12,5,False,Hit,1
17,10,False,Stand,2948
17,10,False,Hit,1
17,11,False,Stand,17
17,11,False,Hit,671
21,9,True,Stand,423
21,9,True,Hit,0
11,10,False,Stand,0
11,10,False,Hit,1824
14,5,False,Stand,736
14,5,False,Hit,1
12,11,False,Stand,853
12,11,False,Hit,1
20,11,False,Stand,969
20,11,False,Hit,1
8,10,False,Stand,0
8,10,False,Hit,1021
16,10,False,Stand,2858
16,10,False,Hit,1
12,9,False,Stand,875
12,9,False,Hit,1
18,10,False,Stand,2714
18,10,False,Hit,1
14,9,False,Stand,845
14,9,False,Hit,1
20,8,False,Stand,971
20,8,False,Hit,0
13,9,False,Stand,1
13,9,False,Hit,841
21,10,False,Stand,803
21,10,False,Hit,0
19,9,False,Stand,511
19,9,False,Hit,0
14,11,True,Stand,68
14,11,True,Hit,1
19,3,True,Stand,132
19,3,True,Hit,0
15,3,False,Stand,759
15,3,False,Hit,1
5,10,False,Stand,0
5,10,False,Hit,384
13,8,False,Stand,1
13,8,False,Hit,791
17,7,False,Stand,622
17,7,False,Hit,1
13,4,False,Stand,847
13,4,False,Hit,1
8,2,False,Stand,0
8,2,False,Hit,236
18,2,False,Stand,879
18,2,False,Hit,0
19,2,False,Stand,831
19,2,False,Hit,1
20,3,True,Stand,157
20,3,True,Hit,0
17,9,False,Stand,792
17,9,False,Hit,1
9,10,False,Stand,0
9,10,False,Hit,1252
17,3,True,Stand,1
17,3,True,Hit,111
11,7,False,Stand,0
11,7,False,Hit,475
13,7,False,Stand,879
13,7,False,Hit,1
9,4,False,Stand,0
9,4,False,Hit,288
14,4,False,Stand,2
14,4,False,Hit,769
12,6,False,Stand,902
12,6,False,Hit,1
13,11,True,Stand,1
13,11,True,Hit,80
14,10,False,Stand,3267
14,10,False,Hit,1
18,4,False,Stand,685
18,4,False,Hit,1
16,6,False,Stand,1
16,6,False,Hit,556
15,6,False,Stand,694
15,6,False,Hit,1
10,10,False,Stand,0
10,10,False,Hit,1436
20,7,True,Stand,138
20,7,True,Hit,0
18,6,False,Stand,664
18,6,False,Hit,1
19,7,False,Stand,594
19,7,False,Hit,0
19,6,False,Stand,604
19,6,False,Hit,1
20,7,False,Stand,942
20,7,False,Hit,0
19,5,False,Stand,598
19,5,False,Hit,0
13,5,False,Stand,868
13,5,False,Hit,1
13,2,False,Stand,844
13,2,False,Hit,1
13,6,False,Stand,827
13,6,False,Hit,1
6,3,False,Stand,0
6,3,False,Hit,92
11,3,False,Stand,0
11,3,False,Hit,443
12,3,False,Stand,845
12,3,False,Hit,1
15,4,False,Stand,881
15,4,False,Hit,1
10,5,False,Stand,0
10,5,False,Hit,363
7,7,False,Stand,0
7,7,False,Hit,209
21,4,True,Stand,456
21,4,True,Hit,0
11,5,False,Stand,0
11,5,False,Hit,419
20,6,False,Stand,887
20,6,False,Hit,0
9,6,False,Stand,0
9,6,False,Hit,307
21,7,True,Stand,449
21,7,True,Hit,0
13,7,True,Stand,94
13,7,True,Hit,1
20,5,False,Stand,868
20,5,False,Hit,0
15,11,False,Stand,755
15,11,False,Hit,1
16,3,False,Stand,1
16,3,False,Hit,670
7,9,False,Stand,0
7,9,False,Hit,206
17,10,True,Stand,517
17,10,True,Hit,1
21,9,False,Stand,224
21,9,False,Hit,0
8,4,False,Stand,0
8,4,False,Hit,226
17,4,False,Stand,838
17,4,False,Hit,1
19,4,False,Stand,665
19,4,False,Hit,1
20,9,False,Stand,888
20,9,False,Hit,0
14,2,False,Stand,1
14,2,False,Hit,862
19,11,False,Stand,588
19,11,False,Hit,1
11,4,False,Stand,0
11,4,False,Hit,417
21,4,False,Stand,289
21,4,False,Hit,0
12,2,False,Stand,1
12,2,False,Hit,750
17,11,True,Stand,96
17,11,True,Hit,1
12,10,True,Stand,132
12,10,True,Hit,1
13,11,False,Stand,854
13,11,False,Hit,1
16,9,True,Stand,114
16,9,True,Hit,1
16,6,True,Stand,123
16,6,True,Hit,2
16,8,False,Stand,1
16,8,False,Hit,713
21,10,True,Stand,1608
21,10,True,Hit,0
17,8,False,Stand,816
17,8,False,Hit,1
14,10,True,Stand,427
14,10,True,Hit,1
18,3,True,Stand,136
18,3,True,Hit,0
18,8,True,Stand,126
18,8,True,Hit,1
6,4,False,Stand,0
6,4,False,Hit,104
16,4,False,Stand,812
16,4,False,Hit,1
7,4,False,Stand,0
7,4,False,Hit,193
16,5,False,Stand,718
16,5,False,Hit,1
7,10,False,Stand,0
7,10,False,Hit,779
21,11,True,Stand,353
21,11,True,Hit,0
18,5,True,Stand,1
18,5,True,Hit,118
16,2,False,Stand,1
16,2,False,Hit,877
16,9,False,Stand,747
16,9,False,Hit,1
21,5,True,Stand,492
21,5,True,Hit,0
10,2,False,Stand,0
10,2,False,Hit,352
18,11,False,Stand,679
18,11,False,Hit,1
18,5,False,Stand,627
18,5,False,Hit,1
11,8,False,Stand,0
11,8,False,Hit,456
9,9,False,Stand,0
9,9,False,Hit,305
18,9,False,Stand,679
18,9,False,Hit,1
21,8,True,Stand,427
21,8,True,Hit,0
20,3,False,Stand,972
20,3,False,Hit,0
8,7,False,Stand,0
8,7,False,Hit,246
20,4,False,Stand,1067
20,4,False,Hit,0
17,3,False,Stand,721
17,3,False,Hit,1
7,5,False,Stand,0
7,5,False,Hit,166
16,2,True,Stand,93
16,2,True,Hit,1
12,4,False,Stand,1
12,4,False,Hit,836
15,8,False,Stand,835
15,8,False,Hit,1
14,3,False,Stand,730
14,3,False,Hit,1
14,11,False,Stand,770
14,11,False,Hit,1
8,9,False,Stand,0
8,9,False,Hit,230
15,9,False,Stand,789
15,9,False,Hit,1
9,2,False,Stand,0
9,2,False,Hit,321
15,2,False,Stand,1
15,2,False,Hit,882
19,4,True,Stand,139
19,4,True,Hit,0
9,8,False,Stand,0
9,8,False,Hit,349
20,8,True,Stand,147
20,8,True,Hit,0
14,6,False,Stand,725
14,6,False,Hit,1
8,3,False,Stand,0
8,3,False,Hit,229
18,3,False,Stand,606
18,3,False,Hit,1
16,5,True,Stand,98
16,5,True,Hit,1
13,3,False,Stand,729
13,3,False,Hit,1
14,7,True,Stand,1
14,7,True,Hit,78
6,11,False,Stand,0
6,11,False,Hit,138
6,10,False,Stand,0
6,10,False,Hit,537
7,3,False,Stand,0
7,3,False,Hit,169
19,3,False,Stand,1
19,3,False,Hit,584
6,9,False,Stand,0
6,9,False,Hit,140
12,7,False,Stand,1
12,7,False,Hit,873
10,4,False,Stand,0
10,4,False,Hit,370
16,7,False,Stand,751
16,7,False,Hit,1
12,8,False,Stand,840
12,8,False,Hit,1
10,11,False,Stand,0
10,11,False,Hit,358
5,2,False,Stand,0
5,2,False,Hit,63
13,10,True,Stand,1
13,10,True,Hit,383
6,2,False,Stand,0
6,2,False,Hit,112
15,3,True,Stand,102
15,3,True,Hit,1
21,8,False,Stand,269
21,8,False,Hit,0
5,5,False,Stand,0
5,5,False,Hit,93
15,10,True,Stand,1
15,10,True,Hit,425
11,9,False,Stand,0
11,9,False,Hit,458
18,2,True,Stand,3
18,2,True,Hit,117
15,7,False,Stand,742
15,7,False,Hit,1
7,8,False,Stand,0
7,8,False,Hit,187
10,9,False,Stand,0
10,9,False,Hit,349
17,4,True,Stand,1
17,4,True,Hit,102
20,2,True,Stand,141
20,2,True,Hit,0
14,7,False,Stand,880
14,7,False,Hit,1
4,10,False,Stand,0
4,10,False,Hit,143
9,11,False,Stand,0
9,11,False,Hit,309
19,6,True,Stand,129
19,6,True,Hit,0
16,7,True,Stand,82
16,7,True,Hit,24
11,6,False,Stand,0
11,6,False,Hit,419
16,3,True,Stand,107
16,3,True,Hit,1
21,3,False,Stand,254
21,3,False,Hit,0
19,10,True,Stand,552
19,10,True,Hit,1
7,11,False,Stand,0
7,11,False,Hit,211
11,11,False,Stand,0
11,11,False,Hit,521
16,8,True,Stand,120
16,8,True,Hit,1
14,8,False,Stand,889
14,8,False,Hit,1
15,8,True,Stand,1
15,8,True,Hit,112
6,8,False,Stand,0
6,8,False,Hit,121
16,4,True,Stand,117
16,4,True,Hit,1
17,7,True,Stand,122
17,7,True,Hit,1
19,11,True,Stand,98
19,11,True,Hit,1
21,6,True,Stand,459
21,6,True,Hit,0
19,9,True,Stand,141
19,9,True,Hit,0
10,3,False,Stand,0
10,3,False,Hit,350
7,6,False,Stand,0
7,6,False,Hit,208
21,6,False,Stand,200
21,6,False,Hit,0
20,10,True,Stand,596
20,10,True,Hit,0
12,8,True,Stand,39
12,8,True,Hit,1
21,5,False,Stand,124
21,5,False,Hit,0
14,2,True,Stand,1
14,2,True,Hit,102
16,10,True,Stand,504
16,10,True,Hit,1
21,7,False,Stand,227
21,7,False,Hit,0
15,5,False,Stand,677
15,5,False,Hit,1
21,2,False,Stand,386
21,2,False,Hit,0
21,3,True,Stand,435
21,3,True,Hit,0
13,8,True,Stand,105
13,8,True,Hit,1
7,2,False,Stand,0
7,2,False,Hit,165
16,11,True,Stand,90
16,11,True,Hit,1
4,8,False,Stand,0
4,8,False,Hit,31
13,9,True,Stand,88
13,9,True,Hit,1
15,6,True,Stand,3
15,6,True,Hit,125
21,2,True,Stand,424
21,2,True,Hit,0
8,11,False,Stand,0
8,11,False,Hit,275
6,5,False,Stand,0
6,5,False,Hit,141
17,9,True,Stand,1
17,9,True,Hit,141
14,4,True,Stand,1
14,4,True,Hit,112
13,5,True,Stand,3
13,5,True,Hit,90
5,6,False,Stand,0
5,6,False,Hit,96
20,9,True,Stand,118
20,9,True,Hit,0
19,5,True,Stand,1
19,5,True,Hit,142
5,3,False,Stand,0
5,3,False,Hit,90
20,4,True,Stand,1
20,4,True,Hit,158
5,7,False,Stand,0
5,7,False,Hit,70
12,11,True,Stand,1
12,11,True,Hit,17
9,5,False,Stand,0
9,5,False,Hit,311
6,6,False,Stand,0
6,6,False,Hit,115
10,6,False,Stand,0
10,6,False,Hit,325
12,2,True,Stand,36
12,2,True,Hit,1
10,7,False,Stand,0
10,7,False,Hit,355
9,3,False,Stand,0
9,3,False,Hit,283
4,5,False,Stand,0
4,5,False,Hit,37
4,2,False,Stand,0
4,2,False,Hit,11
14,3,True,Stand,1
14,3,True,Hit,75
9,7,False,Stand,0
9,7,False,Hit,271
4,11,False,Stand,0
4,11,False,Hit,33
11,2,False,Stand,0
11,2,False,Hit,424
18,6,True,Stand,149
18,6,True,Hit,0
20,5,True,Stand,174
20,5,True,Hit,0
17,2,True,Stand,2
17,2,True,Hit,124
15,2,True,Stand,102
15,2,True,Hit,1
15,5,True,Stand,99
15,5,True,Hit,1
12,7,True,Stand,37
12,7,True,Hit,1
5,8,False,Stand,0
5,8,False,Hit,100
15,7,True,Stand,1
15,7,True,Hit,104
17,8,True,Stand,1
17,8,True,Hit,109
18,7,True,Stand,102
18,7,True,Hit,2
18,4,True,Stand,1
18,4,True,Hit,113
21,11,False,Stand,217
21,11,False,Hit,0
20,11,True,Stand,98
20,11,True,Hit,1
14,5,True,Stand,33
14,5,True,Hit,60
13,4,True,Stand,83
13,4,True,Hit,1
19,7,True,Stand,131
19,7,True,Hit,1
8,5,False,Stand,0
8,5,False,Hit,231
18,11,True,Stand,110
18,11,True,Hit,1
5,11,False,Stand,0
5,11,False,Hit,99
5,9,False,Stand,0
5,9,False,Hit,93
4,9,False,Stand,0
4,9,False,Hit,39
13,2,True,Stand,62
13,2,True,Hit,1
14,6,True,Stand,1
14,6,True,Hit,92
13,6,True,Stand,5
13,6,True,Hit,80
19,2,True,Stand,141
19,2,True,Hit,0
15,11,True,Stand,1
15,11,True,Hit,91
15,9,True,Stand,103
15,9,True,Hit,1
19,8,True,Stand,110
19,8,True,Hit,0
12,4,True,Stand,34
12,4,True,Hit,1
6,7,False,Stand,0
6,7,False,Hit,138
17,5,True,Stand,5
17,5,True,Hit,108
12,3,True,Stand,7
12,3,True,Hit,22
20,6,True,Stand,174
20,6,True,Hit,0
4,7,False,Stand,0
4,7,False,Hit,49
12,5,True,Stand,34
12,5,True,Hit,1
4,4,False,Stand,0
4,4,False,Hit,43
15,4,True,Stand,76
15,4,True,Hit,1
18,9,True,Stand,1
18,9,True,Hit,123
14,9,True,Stand,102
14,9,True,Hit,1
12,9,True,Stand,1
12,9,True,Hit,30
17,6,True,Stand,4
17,6,True,Hit,97
14,8,True,Stand,1
14,8,True,Hit,73
5,4,False,Stand,0
5,4,False,Hit,93
13,3,True,Stand,1
13,3,True,Hit,75
4,6,False,Stand,0
4,6,False,Hit,26
12,6,True,Stand,30
12,6,True,Hit,1
4,3,False,Stand,0
4,3,False,Hit,19
