PlayerSum,DealerCard,UsableAce,Q_Stand,Q_Hit,BestAction
12,10,False,-1.0,-0.415824429685244,H
15,10,False,-0.592128801431127,-1.0,S
20,2,False,0.6683716965046889,0.0,S
17,5,False,0.0029717682020802376,-1.0,S
8,8,False,0.0,0.011235955056179775,H
18,8,False,0.10900473933649289,-1.0,S
8,6,False,0.0,0.05909090909090909,H
17,6,False,0.009602194787379973,-1.0,S
19,8,False,0.5515151515151515,0.0,S
10,8,False,0.0,0.14986376021798364,H
13,10,False,-0.5647352370390907,-1.0,S
19,10,False,0.0549496644295302,0.0,S
20,10,False,0.4364942528735632,0.0,S
17,2,False,-0.18162393162393162,-1.0,S
18,10,True,-0.5,-0.25183823529411764,H
18,7,False,0.3969594594594595,0.0,S
16,11,False,-0.7352517985611511,-1.0,S
12,5,False,-0.11799761620977355,-1.0,S
17,10,False,-0.4833785617367707,-1.0,S
17,11,False,-0.7058823529411765,-0.6900149031296572,H
21,9,True,0.9361702127659575,0.0,S
11,10,False,0.0,0.01644736842105263,H
14,5,False,-0.1766304347826087,-1.0,S
12,11,False,-0.735052754982415,-1.0,S
20,11,False,0.15170278637770898,-1.0,S
8,10,False,0.0,-0.3829578844270323,S
16,10,False,-0.5731280615815255,-1.0,S
12,9,False,-0.5245714285714286,-1.0,S
18,10,False,-0.22586588061901253,-1.0,S
14,9,False,-0.4958579881656805,-1.0,S
20,8,False,0.7909371781668383,0.0,S
13,9,False,-1.0,-0.3745541022592152,H
21,10,False,0.9016189290161893,0.0,S
19,9,False,0.2720156555772994,0.0,S
14,11,True,-0.6470588235294118,-1.0,S
19,3,True,0.3181818181818182,0.0,S
15,3,False,-0.20948616600790515,-1.0,S
5,10,False,0.0,-0.4973958333333333,S
13,8,False,-1.0,-0.37926675094816686,H
17,7,False,-0.09967845659163987,-1.0,S
13,4,False,-0.19480519480519481,-1.0,S
18,2,False,0.10921501706484642,0.0,S
8,2,False,0.0,0.05508474576271186,H
19,2,False,0.3778580024067389,-1.0,S
20,3,True,0.6114649681528662,0.0,S
17,9,False,-0.41792929292929293,-1.0,S
9,10,False,0.0,-0.21485623003194887,S
17,3,True,-1.0,0.02702702702702703,H
13,7,False,-0.4880546075085324,-1.0,S
11,7,False,0.0,0.2505263157894737,H
14,4,False,-1.0,-0.3328998699609883,H
9,4,False,0.0,0.09027777777777778,H
12,6,False,-0.1662971175166297,-1.0,S
13,11,True,-1.0,-0.425,H
14,10,False,-0.578818487909397,-1.0,S
18,4,False,0.15474452554744525,-1.0,S
16,6,False,-1.0,-0.32014388489208634,H
15,6,False,-0.21037463976945245,-1.0,S
10,10,False,0.0,-0.054317548746518104,S
20,7,True,0.7318840579710145,0.0,S
18,6,False,0.2996987951807229,-1.0,S
19,7,False,0.622895622895623,0.0,S
19,6,False,0.4817880794701987,-1.0,S
20,7,False,0.79723991507431,0.0,S
19,5,False,0.5083612040133779,0.0,S
13,5,False,-0.11059907834101383,-1.0,S
13,2,False,-0.2725118483412322,-1.0,S
13,6,False,-0.1293833131801693,-1.0,S
12,3,False,-0.20473372781065088,-1.0,S
6,3,False,0.0,-0.30434782608695654,S
11,3,False,0.0,0.16930022573363432,H
15,4,False,-0.15096481271282633,-1.0,S
10,5,False,0.0,0.3085399449035813,H
7,7,False,0.0,-0.15311004784688995,S
21,4,True,0.8991228070175439,0.0,S
11,5,False,0.0,0.3532219570405728,H
20,6,False,0.7102593010146562,0.0,S
9,6,False,0.0,0.15960912052117263,H
21,7,True,0.9153674832962138,0.0,S
13,7,True,-0.40425531914893614,-1.0,S
20,5,False,0.6705069124423964,0.0,S
15,11,False,-0.766887417218543,-1.0,S
16,3,False,-1.0,-0.47313432835820896,H
7,9,False,0.0,-0.41262135922330095,S
17,10,True,-0.46034816247582205,-1.0,S
21,9,False,0.9375,0.0,S
17,4,False,-0.10859188544152745,-1.0,S
8,4,False,0.0,0.0,S
19,4,False,0.44661654135338347,-1.0,S
20,9,False,0.7668918918918919,0.0,S
14,2,False,-1.0,-0.39791183294663574,H
19,11,False,-0.07482993197278912,-1.0,S
11,4,False,0.0,0.38848920863309355,H
21,4,False,0.889273356401384,0.0,S
12,2,False,-1.0,-0.276,H
17,11,True,-0.6041666666666666,-1.0,S
12,10,True,-0.6363636363636364,-1.0,S
13,11,False,-0.7728337236533958,-1.0,S
16,9,True,-0.5964912280701754,-1.0,S
16,6,True,-0.17073170731707318,-0.5,S
16,8,False,-1.0,-0.36044880785413747,H
21,10,True,0.8998756218905473,0.0,S
17,8,False,-0.36642156862745096,-1.0,S
14,10,True,-0.5597189695550351,-1.0,S
18,3,True,0.08088235294117647,0.0,S
18,8,True,0.023809523809523808,-1.0,S
16,4,False,-0.16995073891625614,-1.0,S
6,4,False,0.0,-0.16346153846153846,S
7,4,False,0.0,-0.10362694300518134,S
16,5,False,-0.11420612813370473,-1.0,S
7,10,False,0.0,-0.43902439024390244,S
21,11,True,0.6458923512747875,0.0,S
18,5,True,-1.0,0.2627118644067797,H
16,2,False,-1.0,-0.4982896237172178,H
16,9,False,-0.5421686746987951,-1.0,S
21,5,True,0.8882113821138211,0.0,S
10,2,False,0.0,0.12215909090909091,H
18,11,False,-0.45066273932253315,-1.0,S
18,5,False,0.25199362041467305,-1.0,S
11,8,False,0.0,0.21052631578947367,H
9,9,False,0.0,-0.05573770491803279,S
18,9,False,-0.12371134020618557,-1.0,S
21,8,True,0.9227166276346604,0.0,S
20,3,False,0.6934156378600823,0.0,S
8,7,False,0.0,0.016260162601626018,H
20,4,False,0.6485473289597001,0.0,S
17,3,False,-0.10124826629680998,-1.0,S
7,5,False,0.0,0.06626506024096386,H
16,2,True,-0.24731182795698925,-1.0,S
12,4,False,-1.0,-0.19258373205741627,H
15,8,False,-0.4754491017964072,-1.0,S
14,3,False,-0.2547945205479452,-1.0,S
14,11,False,-0.7844155844155845,-1.0,S
15,9,False,-0.5614702154626109,-1.0,S
8,9,False,0.0,-0.29130434782608694,S
9,2,False,0.0,0.08099688473520249,H
15,2,False,-1.0,-0.4410430839002268,H
19,4,True,0.4244604316546763,0.0,S
20,8,True,0.7414965986394558,0.0,S
9,8,False,0.0,0.09169054441260745,H
14,6,False,-0.16689655172413792,-1.0,S
8,3,False,0.0,-0.09170305676855896,S
18,3,False,0.12871287128712872,-1.0,S
16,5,True,-0.22448979591836735,-1.0,S
13,3,False,-0.25925925925925924,-1.0,S
14,7,True,-1.0,-0.16666666666666666,H
6,11,False,0.0,-0.6956521739130435,S
6,10,False,0.0,-0.4972067039106145,S
19,3,False,-1.0,-0.7363013698630136,H
7,3,False,0.0,-0.05325443786982249,S
6,9,False,0.0,-0.32857142857142857,S
12,7,False,-1.0,-0.2531500572737686,H
10,4,False,0.0,0.22972972972972974,H
16,7,False,-0.4434087882822903,-1.0,S
12,8,False,-0.5142857142857142,-1.0,S
10,11,False,0.0,-0.3547486033519553,S
5,2,False,0.0,-0.12698412698412698,S
13,10,True,-1.0,-0.21671018276762402,H
6,2,False,0.0,-0.22321428571428573,S
15,3,True,-0.11764705882352941,-1.0,S
21,8,False,0.9368029739776952,0.0,S
5,5,False,0.0,0.0967741935483871,H
15,10,True,-1.0,-0.32235294117647056,H
11,9,False,0.0,0.16593886462882096,H
18,2,True,-0.3333333333333333,0.03418803418803419,H
15,7,False,-0.49056603773584906,-1.0,S
7,8,False,0.0,-0.2727272727272727,S
10,9,False,0.0,0.014326647564469915,H
17,4,True,-1.0,-0.10784313725490197,H
20,2,True,0.5390070921985816,0.0,S
14,7,False,-0.4681818181818182,-1.0,S
4,10,False,0.0,-0.40559440559440557,S
9,11,False,0.0,-0.40129449838187703,S
19,6,True,0.5813953488372093,0.0,S
16,7,True,-0.34146341463414637,-0.3333333333333333,H
11,6,False,0.0,0.3794749403341289,H
16,3,True,-0.14018691588785046,-1.0,S
21,3,False,0.8858267716535433,0.0,S
19,10,True,0.018115942028985508,-1.0,S
7,11,False,0.0,-0.5545023696682464,S
11,11,False,0.0,-0.14779270633397312,S
16,8,True,-0.75,-1.0,S
14,8,False,-0.5140607424071991,-1.0,S
15,8,True,-1.0,-0.03571428571428571,H
6,8,False,0.0,-0.32231404958677684,S
16,4,True,-0.09401709401709402,-1.0,S
17,7,True,-0.13114754098360656,-1.0,S
19,11,True,-0.2653061224489796,-1.0,S
21,6,True,0.9106753812636166,0.0,S
19,9,True,0.2127659574468085,0.0,S
10,3,False,0.0,0.1657142857142857,H
7,6,False,0.0,0.10096153846153846,H
21,6,False,0.905,0.0,S
20,10,True,0.4412751677852349,0.0,S
12,8,True,-0.6410256410256411,-1.0,S
21,5,False,0.8870967741935484,0.0,S
14,2,True,-1.0,0.0392156862745098,H
16,10,True,-0.6428571428571429,-1.0,S
21,7,False,0.933920704845815,0.0,S
15,5,False,-0.09601181683899557,-1.0,S
21,2,False,0.8808290155440415,0.0,S
21,3,True,0.8896551724137931,0.0,S
13,8,True,-0.5238095238095238,-1.0,S
7,2,False,0.0,-0.15151515151515152,S
16,11,True,-0.6888888888888889,-1.0,S
4,8,False,0.0,-0.3548387096774194,S
13,9,True,-0.45454545454545453,-1.0,S
15,6,True,-0.3333333333333333,0.072,H
21,2,True,0.8726415094339622,0.0,S
8,11,False,0.0,-0.5527272727272727,S
6,5,False,0.0,0.05673758865248227,H
17,9,True,-1.0,-0.16312056737588654,H
14,4,True,-1.0,0.05357142857142857,H
13,5,True,-0.3333333333333333,0.17777777777777778,H
5,6,False,0.0,-0.020833333333333332,S
20,9,True,0.8559322033898306,0.0,S
19,5,True,-1.0,0.2323943661971831,H
5,3,False,0.0,0.011111111111111112,H
20,4,True,-1.0,0.34177215189873417,H
5,7,False,0.0,-0.4,S
12,11,True,-1.0,-0.6470588235294118,H
9,5,False,0.0,0.2765273311897106,H
6,6,False,0.0,0.1391304347826087,H
10,6,False,0.0,0.28307692307692306,H
12,2,True,-0.3333333333333333,-1.0,S
10,7,False,0.0,0.29859154929577464,H
9,3,False,0.0,-0.30742049469964666,S
4,5,False,0.0,0.02702702702702703,H
4,2,False,0.0,-0.2727272727272727,S
14,3,True,-1.0,-0.16,H
9,7,False,0.0,0.17712177121771217,H
4,11,False,0.0,-0.696969696969697,S
11,2,False,0.0,0.20047169811320756,H
18,6,True,0.37583892617449666,0.0,S
20,5,True,0.7586206896551724,0.0,S
17,2,True,-0.5,0.016129032258064516,H
15,2,True,-0.4117647058823529,-1.0,S
15,5,True,-0.13131313131313133,-1.0,S
12,7,True,-0.6756756756756757,-1.0,S
5,8,False,0.0,-0.19,S
15,7,True,-1.0,-0.11538461538461539,H
17,8,True,-1.0,-0.06422018348623854,H
18,7,True,0.37254901960784315,-0.5,S
18,4,True,-1.0,0.1592920353982301,H
21,11,False,0.6497695852534562,0.0,S
20,11,True,0.12244897959183673,-1.0,S
14,5,True,-0.21212121212121213,0.08333333333333333,H
13,4,True,-0.3493975903614458,-1.0,S
19,7,True,0.5419847328244275,-1.0,S
8,5,False,0.0,0.24675324675324675,H
18,11,True,-0.44545454545454544,-1.0,S
5,11,False,0.0,-0.5757575757575758,S
5,9,False,0.0,-0.3978494623655914,S
4,9,False,0.0,0.02564102564102564,H
13,2,True,-0.45161290322580644,-1.0,S
14,6,True,-1.0,0.18478260869565216,H
13,6,True,-0.2,0.2,H
19,2,True,0.375886524822695,0.0,S
15,11,True,-1.0,-0.6043956043956044,H
15,9,True,-0.49514563106796117,-1.0,S
19,8,True,0.6727272727272727,0.0,S
12,4,True,-0.058823529411764705,-1.0,S
6,7,False,0.0,-0.26811594202898553,S
17,5,True,-0.2,0.2222222222222222,H
12,3,True,-0.14285714285714285,0.18181818181818182,H
20,6,True,0.6609195402298851,0.0,S
4,7,False,0.0,-0.3673469387755102,S
12,5,True,-0.47058823529411764,-1.0,S
15,4,True,-0.13157894736842105,-1.0,S
4,4,False,0.0,-0.16279069767441862,S
18,9,True,-1.0,-0.06504065040650407,H
14,9,True,-0.5294117647058824,-1.0,S
12,9,True,-1.0,-0.03333333333333333,H
17,6,True,-0.25,0.020618556701030927,H
14,8,True,-1.0,-0.0136986301369863,H
5,4,False,0.0,-0.12903225806451613,S
13,3,True,-1.0,0.02666666666666667,H
4,6,False,0.0,-0.19230769230769232,S
12,6,True,0.0,-1.0,S
4,3,False,0.0,-0.05263157894736842,S
