Episode,CumWins,CumLosses,CumDraws
1000,353,584,63
2000,739,1128,133
3000,1138,1663,199
4000,1527,2201,272
5000,1921,2722,357
6000,2341,3234,425
7000,2767,3736,497
8000,3183,4247,570
9000,3612,4756,632
10000,4035,5250,715
11000,4464,5755,781
12000,4883,6268,849
13000,5292,6782,926
14000,5700,7305,995
15000,6138,7785,1077
16000,6543,8294,1163
17000,6947,8809,1244
18000,7348,9327,1325
19000,7761,9832,1407
20000,8167,10342,1491
21000,8576,10855,1569
22000,9011,11343,1646
23000,9408,11869,1723
24000,9828,12370,1802
25000,10235,12883,1882
26000,10620,13414,1966
27000,11050,13911,2039
28000,11456,14433,2111
29000,11906,14901,2193
30000,12316,15415,2269
31000,12725,15936,2339
32000,13142,16444,2414
33000,13569,16942,2489
34000,14009,17424,2567
35000,14408,17949,2643
36000,14804,18478,2718
37000,15251,18948,2801
38000,15670,19449,2881
39000,16098,19940,2962
40000,16533,20432,3035
41000,16938,20938,3124
42000,17362,21441,3197
43000,17767,21966,3267
44000,18150,22504,3346
45000,18588,22993,3419
46000,19018,23492,3490
47000,19434,24005,3561
48000,19869,24494,3637
49000,20287,25009,3704
50000,20719,25505,3776
51000,21125,26015,3860
52000,21555,26516,3929
53000,21977,27028,3995
54000,22398,27531,4071
55000,22832,28020,4148
56000,23255,28515,4230
57000,23676,29018,4306
58000,24103,29515,4382
59000,24512,30044,4444
60000,24910,30568,4522
61000,25302,31088,4610
62000,25717,31603,4680
63000,26145,32104,4751
64000,26554,32628,4818
65000,26955,33150,4895
66000,27364,33672,4964
67000,27787,34172,5041
68000,28223,34668,5109
69000,28664,35139,5197
70000,29099,35630,5271
71000,29502,36145,5353
72000,29962,36609,5429
73000,30364,37133,5503
74000,30766,37669,5565
75000,31184,38175,5641
76000,31601,38672,5727
77000,32016,39187,5797
78000,32433,39681,5886
79000,32859,40172,5969
80000,33242,40722,6036
81000,33657,41236,6107
82000,34088,41726,6186
83000,34506,42224,6270
84000,34896,42747,6357
85000,35315,43269,6416
86000,35721,43804,6475
87000,36146,44298,6556
88000,36575,44786,6639
89000,37005,45289,6706
90000,37427,45791,6782
91000,37864,46257,6879
92000,38290,46747,6963
93000,38714,47251,7035
94000,39135,47753,7112
95000,39567,48240,7193
96000,39975,48747,7278
97000,40404,49249,7347
98000,40819,49765,7416
99000,41250,50245,7505
100000,41653,50765,7582
